{code: "Abadiño", latitude: -2.6075, longitude: 43.1525 },
{code: "Abaigar", latitude: -2.183055555, longitude: 42.65 }, },
{code: "Abaltzisketa", latitude: -2.1052186, longitude: 43.047842 }, },
{code: "Abanto", latitude: -3.071944444, longitude: 43.314722222 }, },
{code: "Abartzuza", latitude: -2.0225, longitude: 42.726388888 }, },
{code: "Abaurregaina", latitude: -1.195592155, longitude: 42.90139216 }, },
{code: "Abaurrepea", latitude: -1.203093567, longitude: 42.90439674 }, },
{code: "Aberin", latitude: -2.007222222, longitude: 42.619166666 }, },
{code: "Ablitas", latitude: -1.638611111, longitude: 41.973611111 }, },
{code: "Adios", latitude: -1.735833333, longitude: 42.686388888 }, },
{code: "Aduna", latitude: -2.050099, longitude: 43.2038168 }, },
{code: "Agoitz", latitude: -1.353177971, longitude: 42.78277175 }, },
{code: "Aguilar Kodes", latitude: -2.389166666, longitude: 42.612777777 }, },
{code: "Agurain", latitude: -2.3890554, longitude: 42.8492849 }, },
{code: "Ahatsa-Altzieta-Bazkazane", latitude: -1.165, longitude: 43.150555555 }, },
{code: "Ahetze", latitude: -1.571111111, longitude: 43.405833333 }, },
{code: "Ahurti", latitude: -1.290555555, longitude: 43.494166666 }, },
{code: "Aia", latitude: -2.1486667, longitude: 43.236547 }, },
{code: "Aiara", latitude: -3.078922917, longitude: 43.07656 }, },
{code: "Aiegi", latitude: -2.038333333, longitude: 42.656666666 }, },
{code: "Aiherra", latitude: -1.254166666, longitude: 43.392222222 }, },
{code: "Ainharbe", latitude: -0.930277777, longitude: 43.260555555 }, },
{code: "Ainhize-Monjolose", latitude: -1.155833333, longitude: 43.205277777 }, },
{code: "Ainhoa", latitude: -1.498611111, longitude: 43.306666666 }, },
{code: "Aintzila", latitude: -1.195277777, longitude: 43.144722222 }, },
{code: "Aizarnazabal", latitude: -2.2362989, longitude: 43.2557918 }, },
{code: "Aiziritze", latitude: -1.0225, longitude: 43.33777778 }, },
{code: "Aiziritze-Gamue-Zohazti", latitude: -1.023888888, longitude: 43.336666666 },
{code: "Ajangiz", latitude: -2.669884201, longitude: 43.29982495 },
{code: "Akamarre", latitude: -1.110555555, longitude: 43.473055555 },
{code: "Albiztur", latitude: -2.1373229, longitude: 43.1294071 },
{code: "Aldude", latitude: -1.425833333, longitude: 43.096111111 },
{code: "Alegia", latitude: -2.0983582, longitude: 43.1004352 },
{code: "Alesbes", latitude: -1.75, longitude: 42.283055555 },
{code: "Alkiza", latitude: -2.1089901, longitude: 43.1725845 },
{code: "Allin", latitude: -2.075555555, longitude: 42.708888888 },
{code: "Allo", latitude: -2.019166666, longitude: 42.567222222 },
{code: "Alonsotegi", latitude: -2.987778, longitude: 43.246667 },
{code: "Aloze", latitude: -0.87638889, longitude: 43.11861111 },
{code: "Aloze-Ziboze", latitude: -0.87583333, longitude: 43.10694444 },
{code: "Aloze-Ziboze-Onizegaine", latitude: -0.873888888, longitude: 43.114722222 },
{code: "Altsasu", latitude: -2.16516, longitude: 42.89999 },
{code: "Altzabeheti", latitude: -0.9025, longitude: 43.10055556 },
{code: "Altzaga", latitude: -2.154722222, longitude: 43.064166666 },
{code: "Altzai", latitude: -0.9094763, longitude: 43.0951176 },
{code: "Altzai-Altzabeheti-Zunharreta", latitude: -0.908888888, longitude: 43.095 },
{code: "Altzo", latitude: -2.0842078, longitude: 43.1004025 },
{code: "Altzümarta", latitude: -1.0713532, longitude: 43.3624829 },
{code: "Altzürükü", latitude: -0.933611111, longitude: 43.149444444 },
{code: "Amendüze", latitude: -1.04277778, longitude: 43.35472222 },
{code: "Amendüze-Unaso", latitude: -1.046666666, longitude: 43.345277777 },
{code: "Ameskoabarrena", latitude: -2.131691666, longitude: 42.770888888 },
{code: "Amezketa", latitude: -2.0880713, longitude: 43.0493025 },
{code: "Amoroto", latitude: -2.5132747, longitude: 43.3267938 },
{code: "Amorotze", latitude: -1.11083333, longitude: 43.36611111 },
{code: "Amorotze-Zokotze", latitude: -1.112222222, longitude: 43.365277777 },
{code: "Amurrio", latitude: -3.000896, longitude: 43.0525066 },
{code: "Añana", latitude: -2.986388888, longitude: 42.801944444 },
{code: "Andoain", latitude: -2.019888, longitude: 43.2183341 },
{code: "Andosilla", latitude: -1.941944444, longitude: 42.376944444 },
{code: "Angelu", latitude: -1.519444444, longitude: 43.484166666 },
{code: "Anhauze", latitude: -1.291111111, longitude: 43.169166666 },
{code: "Anoeta", latitude: -2.07, longitude: 43.162222 },
{code: "Añorbe", latitude: -1.714551, longitude: 42.658392 },
{code: "Antsoain", latitude: -1.639444444, longitude: 42.835555555 },
{code: "Antzin", latitude: -2.189166666, longitude: 42.659444444 },
{code: "Antzuola", latitude: -2.380624, longitude: 43.0990781 },
{code: "Anue", latitude: -1.606111111, longitude: 42.9625 },
{code: "Araitz", latitude: -1.987222222, longitude: 43.036944444 },
{code: "Arakaldo", latitude: -2.9354354, longitude: 43.1530741 },
{code: "Arakil", latitude: -1.865, longitude: 42.9125 },
{code: "Arama", latitude: -2.1655819, longitude: 43.0634673 },
{code: "Aramaio", latitude: -2.585663195, longitude: 43.03520365 },
{code: "Aranaratxe", latitude: -2.228333333, longitude: 42.779444444 },
{code: "Aranguren", latitude: -1.536111111, longitude: 42.789166666 },
{code: "Arano", latitude: -1.895277777, longitude: 43.199722222 },
{code: "Arantza", latitude: -1.724722222, longitude: 43.196111111 },
{code: "Arantzazu", latitude: -2.789166666, longitude: 43.1575 },
{code: "Aras", latitude: -2.355, longitude: 42.561944444 },
{code: "Arberatze", latitude: -0.99472222, longitude: 43.3425 },
{code: "Arberatze-Zilhekoa", latitude: -0.995833333, longitude: 43.341388888 },
{code: "Arbizu", latitude: -2.0394169, longitude: 42.9147356 },
{code: "Arbona", latitude: -1.551388888, longitude: 43.432222222 },
{code: "Arboti", latitude: -1.0, longitude: 43.371388888 },
{code: "Arboti-Zohota", latitude: -1.001388888, longitude: 43.370277777 },
{code: "Areatza", latitude: -2.7681889, longitude: 43.1215986 },
{code: "Arellano", latitude: -2.046944444, longitude: 42.606111111 },
{code: "Areso", latitude: -1.95, longitude: 43.066666666 },
{code: "Aretxabaleta", latitude: -2.504444, longitude: 43.036111 },
{code: "Argantzon", latitude: -2.831388888, longitude: 42.766111111 },
{code: "Arguedas", latitude: -1.598333333, longitude: 42.176944444 },
{code: "Arhane", latitude: -0.90722222, longitude: 43.08888889 },
{code: "Arhantsusi", latitude: -1.035555555, longitude: 43.2575 },
{code: "Aria", latitude: -1.273314291, longitude: 42.96876268 },
{code: "Aribe", latitude: -1.265804856, longitude: 42.94470386 },
{code: "Armañantzas", latitude: -2.285, longitude: 42.56 },
{code: "Armendaritze", latitude: -1.173333333, longitude: 43.301666666 },
{code: "Armiñon", latitude: -2.8722115, longitude: 42.722587 },
{code: "Arnegi", latitude: -1.281111111, longitude: 43.109166666 },
{code: "Arraia-Maeztu", latitude: -2.447996624, longitude: 42.74065855 },
{code: "Arrangoitze", latitude: -1.520833333, longitude: 43.436666666 },
{code: "Arrankudiaga", latitude: -2.934927697, longitude: 43.17704915 },
{code: "Arrasate", latitude: -2.49, longitude: 43.065555555 },
{code: "Arratzu", latitude: -2.63861, longitude: 43.3117 },
{code: "Arratzua-Ubarrundia", latitude: -2.639166666, longitude: 42.890277777 },
{code: "Arrieta", latitude: -2.7697002, longitude: 43.3402674 },
{code: "Arrigorriaga", latitude: -2.886111111, longitude: 43.207777777 },
{code: "Arroitz", latitude: -2.091308, longitude: 42.5888239 },
{code: "Arrokiaga", latitude: -0.84, longitude: 43.190833333 },
{code: "Arrosa", latitude: -1.313333333, longitude: 43.238055555 },
{code: "Arroze", latitude: -1.07305556, longitude: 43.23416667 },
{code: "Arruazu", latitude: -1.999, longitude: 42.922 },
{code: "Arrueta", latitude: -1.10555556, longitude: 43.39972222 },
{code: "Arrueta-Sarrikota", latitude: -1.106666666, longitude: 43.398611111 },
{code: "Artaxoa", latitude: -1.764444444, longitude: 42.591111111 },
{code: "Artazu", latitude: -1.8401742, longitude: 42.6913086 },
{code: "Arteaga", latitude: -2.7843203, longitude: 43.1334436 },
{code: "Artzentales", latitude: -3.228003971, longitude: 43.2405209 },
{code: "Artzibar", latitude: -1.337955, longitude: 42.889555 },
{code: "Artziniega", latitude: -3.140961176, longitude: 43.1299385 },
{code: "Arüe", latitude: -0.91722222, longitude: 43.31111111 },
{code: "Arüe-Ithorrotze-Olhaibi", latitude: -0.9175, longitude: 43.318055555 },
{code: "Asparrena", latitude: -2.284788861, longitude: 42.8861483 },
{code: "Asteasu", latitude: -2.0953614, longitude: 43.1928306 },
{code: "Astigarraga", latitude: -1.9474769, longitude: 43.2815684 },
{code: "Astüe", latitude: -0.8590641, longitude: 43.0998878 },
{code: "Atarrabia", latitude: -1.608611111, longitude: 42.830833333 },
{code: "Ataun", latitude: -2.1812767, longitude: 42.9781042 },
{code: "Atetz", latitude: -1.709722222, longitude: 42.939444444 },
{code: "Atharratze", latitude: -0.86361111, longitude: 43.11722222 },
{code: "Atharratze-Sorholüze", latitude: -0.8625, longitude: 43.116388888 },
{code: "Atherei", latitude: -0.87444444, longitude: 43.07833333 },
{code: "Atxondo", latitude: -2.583611111, longitude: 43.13 },
{code: "Aulesti", latitude: -2.5628139, longitude: 43.296423 },
{code: "Auritz", latitude: -1.33463753, longitude: 42.990805137 },
{code: "Azagra", latitude: -1.897222222, longitude: 42.313888888 },
{code: "Azkaine", latitude: -1.62073, longitude: 43.34521 },
{code: "Azkaine", latitude: -1.621111111, longitude: 43.345833333 },
{code: "Azkarate", latitude: -1.255, longitude: 43.170277777 },
{code: "Azkoien", latitude: -1.8, longitude: 42.333055555 },
{code: "Azkoitia", latitude: -2.310556, longitude: 43.179167 },
{code: "Azme", latitude: -1.09, longitude: 43.24277778 },
{code: "Azpeitia", latitude: -2.265277777, longitude: 43.181944444 },
{code: "Azuelo", latitude: -2.349166666, longitude: 42.608333333 },
{code: "Baigorri", latitude: -1.346388888, longitude: 43.175 },
{code: "Baiona", latitude: -1.476388888, longitude: 43.4925 },
{code: "Bakaiku", latitude: -2.1021121, longitude: 42.8906052 },
{code: "Bakio", latitude: -2.811389, longitude: 43.427778 },
{code: "Baliarrain", latitude: -2.1283913, longitude: 43.0694191 },
{code: "Balmaseda", latitude: -3.192777777, longitude: 43.195833333 },
{code: "Banka", latitude: -1.374166666, longitude: 43.126388888 },
{code: "Barakaldo", latitude: -2.991666666, longitude: 43.297222222 },
{code: "Barañain", latitude: -1.683333333, longitude: 42.8 },
{code: "Barasoain", latitude: -1.646388888, longitude: 42.603611111 },
{code: "Barbarin", latitude: -2.101388888, longitude: 42.601944444 },
{code: "Bardoze", latitude: -1.203611111, longitude: 43.475 },
{code: "Bargota", latitude: -2.311944444, longitude: 42.561111111 },
{code: "Barillas", latitude: -1.6627451, longitude: 41.97102 },
{code: "Barkoxe", latitude: -0.772222222, longitude: 43.188611111 },
{code: "Barrika", latitude: -2.9609879, longitude: 43.4066267 },
{code: "Barrundia", latitude: -2.502957468, longitude: 42.91528705 },
{code: "Basaburua", latitude: -1.801666666, longitude: 43.001388888 },
{code: "Basauri", latitude: -2.89, longitude: 43.236666666 },
{code: "Bastida", latitude: -1.256111111, longitude: 43.43 },
{code: "Bastida", latitude: -2.7928698, longitude: 42.5903817 },
{code: "Basusarri", latitude: -1.511666666, longitude: 43.446666666 },
{code: "Baztan", latitude: -1.5171681, longitude: 43.146787 },
{code: "Beasain", latitude: -2.2032868, longitude: 43.0473269 },
{code: "Bedia", latitude: -2.8019783, longitude: 43.2084398 },
{code: "Behaskane", latitude: -1.009444444, longitude: 43.325 },
{code: "Behaskane-Laphizketa", latitude: -1.010555555, longitude: 43.324166666 },
{code: "Behauze", latitude: -1.086666666, longitude: 43.359444444 },
{code: "Behorlegi", latitude: -1.118611111, longitude: 43.128611111 },
{code: "Beire", latitude: -1.621691, longitude: 42.4539389 },
{code: "Beizama", latitude: -2.2002744, longitude: 43.1341562 },
{code: "Belauntza", latitude: -2.0503391, longitude: 43.1350267 },
{code: "Bera", latitude: -1.6825, longitude: 43.278333333 },
{code: "Berango", latitude: -2.995, longitude: 43.365 },
{code: "Berantevilla", latitude: -2.8589445, longitude: 42.682852 },
{code: "Beraskoain", latitude: -1.8325, longitude: 42.756111111 },
{code: "Berastegi", latitude: -1.9791586, longitude: 43.1241497 },
{code: "Berbintzana", latitude: -1.834166666, longitude: 42.526388888 },
{code: "Bergara", latitude: -2.4133452, longitude: 43.1175442 },
{code: "Beriain", latitude: -1.644444444, longitude: 42.733611111 },
{code: "Bermeo", latitude: -2.721388888, longitude: 43.420833333 },
{code: "Bernedo", latitude: -2.4980928, longitude: 42.6267187 },
{code: "Berriatua", latitude: -2.467222222, longitude: 43.309722222 },
{code: "Berriobeiti", latitude: -1.6925, longitude: 42.8525 },
{code: "Berriozar", latitude: -1.671388888, longitude: 42.836111111 },
{code: "Berriz", latitude: -2.575555555, longitude: 43.175833333 },
{code: "Berrobi", latitude: -2.0266424, longitude: 43.1455807 },
{code: "Berroeta", latitude: -0.985, longitude: 43.32444444 },
{code: "Berrogaine-Larüntze", latitude: -0.864722222, longitude: 43.244722222 },
{code: "Bertizarana", latitude: -1.62725, longitude: 43.133638888 },
{code: "Beskoitze", latitude: -1.333611111, longitude: 43.46 },
{code: "Betelu", latitude: -1.9794889, longitude: 43.0256703 },
{code: "Biarritz", latitude: -1.557222222, longitude: 43.480555555 },
{code: "Bidania-Goiatz", latitude: -2.158333333, longitude: 43.140833333 },
{code: "Bidankoze", latitude: -1.0143, longitude: 42.8014 },
{code: "Bidarrai", latitude: -1.345, longitude: 43.266666666 },
{code: "Bidarte", latitude: -1.593055555, longitude: 43.436944444 },
{code: "Bidaurreta", latitude: -1.832777777, longitude: 42.776666666 },
{code: "Bidaxune", latitude: -1.141388888, longitude: 43.483333333 },
{code: "Bilbo", latitude: -2.953333333, longitude: 43.262222222 },
{code: "Bildoze", latitude: -0.8813, longitude: 43.24203083 },
{code: "Bildoze-Onizepea", latitude: -0.881111111, longitude: 43.241111111 },
{code: "Biriatu", latitude: -1.743055555, longitude: 43.333333333 },
{code: "Bithiriña", latitude: -1.080833333, longitude: 43.3125 },
{code: "Biurrun-Olkotz", latitude: -1.679444444, longitude: 42.695 },
{code: "Bizkai (Amikuze)", latitude: -1.05777778, longitude: 43.40277778 },
{code: "Bokale", latitude: -1.486666666, longitude: 43.523611111 },
{code: "Buñuel", latitude: -1.440833333, longitude: 41.981388888 },
{code: "Bunuze", latitude: -1.067222222, longitude: 43.202777777 },
{code: "Burgi", latitude: -1.000833333, longitude: 42.721111111 },
{code: "Burgu", latitude: -2.545677, longitude: 42.8494909 },
{code: "Burgue", latitude: -1.05527778, longitude: 43.42388889 },
{code: "Burgue-Erreiti", latitude: -1.056666666, longitude: 43.422777777 },
{code: "Burlata", latitude: -1.61563, longitude: 42.82648 },
{code: "Busturia", latitude: -2.696666666, longitude: 43.382777777 },
{code: "Buztintze-Hiriberri", latitude: -1.183611111, longitude: 43.183611111 },
{code: "Cabanillas", latitude: -1.526944444, longitude: 42.031388888 },
{code: "Cabredo", latitude: -2.4145728, longitude: 42.6293014 },
{code: "Cadreita", latitude: -1.684166666, longitude: 42.221111111 },
{code: "Caparroso", latitude: -1.6507, longitude: 42.3398 },
{code: "Cárcar", latitude: -1.97, longitude: 42.388888888 },
{code: "Cascante", latitude: -1.678888888, longitude: 41.999166666 },
{code: "Castejón", latitude: -1.690555555, longitude: 42.167777777 },
{code: "Cintruénigo", latitude: -1.805, longitude: 42.08 },
{code: "Corella", latitude: -1.786666666, longitude: 42.114722222 },
{code: "Cortes", latitude: -1.421944444, longitude: 41.922777777 },
{code: "Deba", latitude: -2.35, longitude: 43.295277777 },
{code: "Deierri", latitude: -2.0, longitude: 42.733333 },
{code: "Deikaztelu", latitude: -2.028333333, longitude: 42.595833333 },
{code: "Derio", latitude: -2.8858821, longitude: 43.2916949 },
{code: "Desoio", latitude: -2.2757428, longitude: 42.5881304 },
{code: "Dima", latitude: -2.708382366, longitude: 43.1093279 },
{code: "Domintxaine", latitude: -0.97583333, longitude: 43.3275 },
{code: "Domintxaine-Berroeta", latitude: -0.965277777, longitude: 43.326944444 },
{code: "Donaixti", latitude: -1.05527778, longitude: 43.19527778 },
{code: "Donaixti-Ibarre", latitude: -1.056388888, longitude: 43.194166666 },
{code: "Donamaria", latitude: -1.672777777, longitude: 43.11125 },
{code: "Donamartiri", latitude: -1.196944444, longitude: 43.344444444 },
{code: "Donamartiri Untz", latitude: -1.560277777, longitude: 42.524444444 },
{code: "Donapaleu", latitude: -1.033888888, longitude: 43.328055555 },
{code: "Donazaharre", latitude: -1.193333333, longitude: 43.165277777 },
{code: "Donemiliaga", latitude: -2.376111111, longitude: 42.874722222 },
{code: "Doneztebe", latitude: -0.89277778, longitude: 43.15833333 },
{code: "Doneztebe", latitude: -1.66875, longitude: 43.131 },
{code: "Donibane Garazi", latitude: -1.236666666, longitude: 43.164166666 },
{code: "Donibane Lohizune", latitude: -1.659722222, longitude: 43.390277777 },
{code: "Donostia", latitude: -1.98, longitude: 43.32 },
{code: "Donoztiri", latitude: -1.2086, longitude: 43.33792 },
{code: "Donoztiri", latitude: -1.208611111, longitude: 43.338333333 },
{code: "Dulantzi", latitude: -2.511944444, longitude: 42.844166666 },
{code: "Durango", latitude: -2.6321025, longitude: 43.166974 },
{code: "Duzunaritze-Sarasketa", latitude: -1.167777777, longitude: 43.163055555 },
{code: "Ea", latitude: -2.583611111, longitude: 43.381111111 },
{code: "Eguesibar", latitude: -1.557361111, longitude: 42.823722222 },
{code: "Eibar", latitude: -2.4732748, longitude: 43.1842839 },
{code: "Eiheralarre", latitude: -1.221111111, longitude: 43.136111111 },
{code: "Ekora", latitude: -2.4704125, longitude: 42.5678 },
{code: "El Busto", latitude: -2.241666666, longitude: 42.548888888 },
{code: "Elantxobe", latitude: -2.638611111, longitude: 43.403888888 },
{code: "Elduain", latitude: -2.0006998, longitude: 43.1406884 },
{code: "Elgeta", latitude: -2.487682, longitude: 43.136637 },
{code: "Elgoibar", latitude: -2.416944444, longitude: 43.214166666 },
{code: "Elgorriaga", latitude: -1.686944444, longitude: 43.138888888 },
{code: "Elizagorria", latitude: -2.238888888, longitude: 42.493611111 },
{code: "Elo", latitude: -1.522977779, longitude: 42.70606128 },
{code: "Elorrio", latitude: -2.5426453, longitude: 43.1304644 },
{code: "Eltziego", latitude: -2.6183241, longitude: 42.5147699 },
{code: "Elvillar", latitude: -2.545, longitude: 42.570555555 },
{code: "Eneritz", latitude: -1.716666666, longitude: 42.666666666 },
{code: "Erandio", latitude: -2.973055555, longitude: 43.304722222 },
{code: "Erango", latitude: -1.050833333, longitude: 43.443611111 },
{code: "Eratsun", latitude: -1.796666666, longitude: 43.083333333 },
{code: "Ereño", latitude: -2.615890656, longitude: 43.35113795 },
{code: "Ergoiena", latitude: -2.023888888, longitude: 42.878888888 },
{code: "Ermua", latitude: -2.5025, longitude: 43.186666666 },
{code: "Erreiti", latitude: -1.06166667, longitude: 43.41527778 },
{code: "Errenteria", latitude: -1.8986133, longitude: 43.3125271 },
{code: "Errezil", latitude: -2.174167, longitude: 43.165 },
{code: "Erribareita", latitude: -0.93861111, longitude: 43.39833333 },
{code: "Erriberabeitia", latitude: -2.8912758, longitude: 42.7397636 },
{code: "Erriberagoitia", latitude: -2.904371125, longitude: 42.79819925 },
{code: "Erriberri", latitude: -1.6625, longitude: 42.4875 },
{code: "Errigoiti", latitude: -2.723888888, longitude: 43.32 },
{code: "Erroibar", latitude: -1.428128963, longitude: 42.957137839 },
{code: "Erromantzatua", latitude: -1.191871579, longitude: 42.69083518 },
{code: "Erronkari", latitude: -0.955833333, longitude: 42.8075 },
{code: "Esa", latitude: -1.200448119, longitude: 42.62590878 },
{code: "Eskiula", latitude: -0.708333333, longitude: 43.194166666 },
{code: "Eskiula", latitude: -0.708333333, longitude: 43.194166666 },
{code: "Eskoriatza", latitude: -2.5283464, longitude: 43.0168367 },
{code: "Eslaba", latitude: -1.457222222, longitude: 42.565 },
{code: "Espartza", latitude: -1.092551686, longitude: 42.86048584 },
{code: "Esprontzeda", latitude: -2.3025, longitude: 42.598055555 },
{code: "Esteribar", latitude: -1.533763318, longitude: 42.94962887 },
{code: "Etaiu", latitude: -2.153888888, longitude: 42.616666666 },
{code: "Etxalar", latitude: -1.637222222, longitude: 43.233611111 },
{code: "Etxarri", latitude: -0.928055555, longitude: 43.323333333 },
{code: "Etxarri", latitude: -1.825277777, longitude: 42.780555555 },
{code: "Etxarri Aranatz", latitude: -2.07, longitude: 42.911111111 },
{code: "Etxauri", latitude: -1.79, longitude: 42.793888888 },
{code: "Etxebarre", latitude: -0.892777777, longitude: 43.082222222 },
{code: "Etxebarri", latitude: -2.890833333, longitude: 43.247222222 },
{code: "Etxebarria", latitude: -2.477222222, longitude: 43.254166666 },
{code: "Eulate", latitude: -2.2061503, longitude: 42.7764335 },
{code: "Ezkabarte", latitude: -1.620833333, longitude: 42.863333333 },
{code: "Ezkaroze", latitude: -1.066443886, longitude: 42.89668876 },
{code: "Ezkio-Itsaso", latitude: -2.274167, longitude: 43.081944 },
{code: "Ezkoze", latitude: -0.997777777, longitude: 43.446944444 },
{code: "Ezkurra", latitude: -1.862222222, longitude: 43.084722222 },
{code: "Ezpeize", latitude: -0.87972222, longitude: 43.26805556 },
{code: "Ezpeize-Ündüreine", latitude: -0.878888888, longitude: 43.271111111 },
{code: "Ezpeleta", latitude: -1.447777777, longitude: 43.340277777 },
{code: "Ezporogi", latitude: -1.417777777, longitude: 42.566666666 },
{code: "Ezterenzubi", latitude: -1.195555555, longitude: 43.104444444 },
{code: "Faltzes", latitude: -1.794722222, longitude: 42.387777777 },
{code: "Fitero", latitude: -1.857222222, longitude: 42.058055555 },
{code: "Fontellas", latitude: -1.576111111, longitude: 42.028333333 },
{code: "Forua", latitude: -2.6754845, longitude: 43.3373452 },
{code: "Fruiz", latitude: -2.789501095, longitude: 43.3276522 },
{code: "Funes", latitude: -1.8029166, longitude: 42.3140325 },
{code: "Fustiñana", latitude: -1.486111111, longitude: 42.019722222 },
{code: "Gabadi", latitude: -1.034166666, longitude: 43.370833333 },
{code: "Gabiria", latitude: -2.2791464, longitude: 43.0502538 },
{code: "Gaintza", latitude: -2.1325, longitude: 43.053056 },
{code: "Galar", latitude: -1.671583333, longitude: 42.750305555 },
{code: "Galdakao", latitude: -2.845833333, longitude: 43.230555555 },
{code: "Galdames", latitude: -3.095639603, longitude: 43.266113 },
{code: "Galipentzu", latitude: -1.389444444, longitude: 42.530555555 },
{code: "Galoze", latitude: -1.096584475, longitude: 42.79343706 },
{code: "Gamarte", latitude: -1.143333333, longitude: 43.201388888 },
{code: "Gamere", latitude: -0.90638889, longitude: 43.11638889 },
{code: "Gamere-Zihiga", latitude: -0.906111111, longitude: 43.116111111 },
{code: "Gamiz-Fika", latitude: -2.825125304, longitude: 43.3140716 },
{code: "Gamue", latitude: -1.01916667, longitude: 43.36916667 },
{code: "Gamue-Zohazti", latitude: -1.01916667, longitude: 43.36916667 },
{code: "Garai", latitude: -2.609722222, longitude: 43.194722222 },
{code: "Garaioa", latitude: -1.237237509, longitude: 42.91620815 },
{code: "Garde", latitude: -0.923888888, longitude: 42.788888888 },
{code: "Gares", latitude: -1.8155291, longitude: 42.6717107 },
{code: "Garindaine", latitude: -0.905555555, longitude: 43.208611111 },
{code: "Garinoain", latitude: -1.646369, longitude: 42.603555 },
{code: "Garralda", latitude: -1.304737695, longitude: 42.95946462 },
{code: "Garrüze", latitude: -1.061111111, longitude: 43.3425 },
{code: "Gasteiz", latitude: -2.673055555, longitude: 42.846666666 },
{code: "Gatika", latitude: -2.871944444, longitude: 43.363888888 },
{code: "Gaubea", latitude: -3.060860075, longitude: 42.8546615 },
{code: "Gautegiz-Arteaga", latitude: -2.652224874, longitude: 43.36818995 },
{code: "Gaztelu", latitude: -2.0228291, longitude: 43.1164447 },
{code: "Gazteluberri", latitude: -1.044444444, longitude: 42.677777777 },
{code: "Genevilla", latitude: -2.391666666, longitude: 42.644722222 },
{code: "Gernika-Lumo", latitude: -2.676666666, longitude: 43.316944444 },
{code: "Gesalatz", latitude: -1.916666666, longitude: 42.75 },
{code: "Getaria", latitude: -1.609166666, longitude: 43.425833333 },
{code: "Getaria", latitude: -2.2037374, longitude: 43.3044559 },
{code: "Getxo", latitude: -3.006388888, longitude: 43.344166666 },
{code: "Girgillao", latitude: -1.867765642, longitude: 42.7222897 },
{code: "Gixune", latitude: -1.204166666, longitude: 43.511666666 },
{code: "Gizaburuaga", latitude: -2.5379481, longitude: 43.3309436 },
{code: "Goizueta", latitude: -1.864166666, longitude: 43.171111111 },
{code: "Goñerri", latitude: -1.866666666, longitude: 42.833333333 },
{code: "Gordexola", latitude: -3.072777777, longitude: 43.181388888 },
{code: "Gorliz", latitude: -2.932777777, longitude: 43.416111111 },
{code: "Gorza", latitude: -1.066468067, longitude: 42.82864858 },
{code: "Gotaine", latitude: -0.9020332, longitude: 43.1905628 },
{code: "Gotaine-Irabarne", latitude: -0.901666666, longitude: 43.190833333 },
{code: "Guardia", latitude: -2.583055555, longitude: 42.55 },
{code: "Gueñes", latitude: -3.094166666, longitude: 43.213888888 },
{code: "Haltsu", latitude: -1.4225, longitude: 43.374444444 },
{code: "Harana", latitude: -2.320570256, longitude: 42.7565931 },
{code: "Hauze", latitude: -0.848611111, longitude: 43.077777777 },
{code: "Hazparne", latitude: -1.304722222, longitude: 43.384444444 },
{code: "Heleta", latitude: -1.244166666, longitude: 43.308333333 },
{code: "Hendaia", latitude: -1.774444444, longitude: 43.358611111 },
{code: "Hernani", latitude: -1.9749167, longitude: 43.2661645 },
{code: "Hernialde", latitude: -2.085194, longitude: 43.1544948 },
{code: "Hiriberri", latitude: -1.210797313, longitude: 42.95398484 },
{code: "Hiriburu", latitude: -1.458888888, longitude: 43.476388888 },
{code: "Hondarribia", latitude: -1.7914777, longitude: 43.3624372 },
{code: "Hozta", latitude: -1.087777777, longitude: 43.158333333 },
{code: "Ibargoiti", latitude: -1.460526976, longitude: 42.67546163 },
{code: "Ibarra", latitude: -2.061666666, longitude: 43.130833333 },
{code: "Ibarrangelu", latitude: -2.6311482, longitude: 43.3896126 },
{code: "Ibarre", latitude: -1.07888889, longitude: 43.18083333 },
{code: "Ibarrola", latitude: -1.095, longitude: 43.200277777 },
{code: "Idauze", latitude: -0.915, longitude: 43.18055556 },
{code: "Idauze-Mendi", latitude: -0.916111111, longitude: 43.175 },
{code: "Idiazabal", latitude: -2.2336128, longitude: 43.0106787 },
{code: "Igantzi", latitude: -1.699166666, longitude: 43.225555555 },
{code: "Igorre", latitude: -2.7783435, longitude: 43.1642445 },
{code: "Iguzkitza", latitude: -2.085277777, longitude: 42.646388888 },
{code: "Iholdi", latitude: -1.181111111, longitude: 43.281944444 },
{code: "Ikaztegieta", latitude: -2.125278, longitude: 43.094722 },
{code: "Ilharre", latitude: -1.042222222, longitude: 43.39 },
{code: "Imotz", latitude: -1.801645479, longitude: 42.9560159 },
{code: "Irabarne", latitude: -0.90166667, longitude: 43.19888889 },
{code: "Irañeta", latitude: -1.94524722, longitude: 42.92292675 },
{code: "Irisarri", latitude: -1.233611111, longitude: 43.256944444 },
{code: "Irulegi", latitude: -1.300277777, longitude: 43.177777777 },
{code: "Irun", latitude: -1.788806, longitude: 43.337806 },
{code: "Iruña Oka", latitude: -2.812777777, longitude: 42.819166666 },
{code: "Irunberri", latitude: -1.295129104, longitude: 42.65077159 },
{code: "Iruñea", latitude: -1.65, longitude: 42.816666666 },
{code: "Irura", latitude: -2.0672224, longitude: 43.1675342 },
{code: "Iruraiz-Gauna", latitude: -2.5, longitude: 42.816666666 },
{code: "Iruri", latitude: -0.876666666, longitude: 43.133333333 },
{code: "Irurtzun", latitude: -1.8285436, longitude: 42.9183371 },
{code: "Ispaster", latitude: -2.543056, longitude: 43.362778 },
{code: "Ithorrotze", latitude: -0.91666667, longitude: 43.3175 },
{code: "Ithorrotze-Olhaibi", latitude: -0.91666667, longitude: 43.3175 },
{code: "Itsasondo", latitude: -2.1672356, longitude: 43.0678266 },
{code: "Itsasu", latitude: -1.405555555, longitude: 43.329444444 },
{code: "Ituren", latitude: -1.707222222, longitude: 43.128944444 },
{code: "Iturmendi", latitude: -2.118611111, longitude: 42.889444444 },
{code: "Itza", latitude: -1.7675, longitude: 42.8825 },
{code: "Itzagaondoa", latitude: -1.433850086, longitude: 42.72913886 },
{code: "Itzaltzu", latitude: -1.040213398, longitude: 42.9275427 },
{code: "Iurreta", latitude: -2.631666666, longitude: 43.177777777 },
{code: "Izaba", latitude: -0.916666666, longitude: 42.85 },
{code: "Izpura", latitude: -1.234166666, longitude: 43.170833333 },
{code: "Izturitze", latitude: -1.205, longitude: 43.365833333 },
{code: "Izturitze", latitude: -1.20551, longitude: 43.36509 },
{code: "Izura", latitude: -1.06972222, longitude: 43.25666667 },
{code: "Izura-Azme", latitude: -1.070833333, longitude: 43.255833333 },
{code: "Izurtza", latitude: -2.638888888, longitude: 43.155 },
{code: "Jaitz", latitude: -1.888055555, longitude: 42.775277777 },
{code: "Jatsu", latitude: -1.192222222, longitude: 43.197777777 },
{code: "Jatsu", latitude: -1.430277777, longitude: 43.388611111 },
{code: "Jaurrieta", latitude: -1.158691809, longitude: 42.90699476 },
{code: "Jeztaze", latitude: -0.8825, longitude: 43.350833333 },
{code: "Jutsi", latitude: -1.0458, longitude: 43.23615 },
{code: "Jutsi", latitude: -1.046111111, longitude: 43.235833333 },
{code: "Kanbo", latitude: -1.401666666, longitude: 43.357777777 },
{code: "Kanpezu", latitude: -2.369947595, longitude: 42.68678985 },
{code: "Karrantza", latitude: -3.363257383, longitude: 43.2057282 },
{code: "Kaseda", latitude: -1.367694444, longitude: 42.524027777 },
{code: "Kortezubi", latitude: -2.655104, longitude: 43.3407404 },
{code: "Kripan", latitude: -2.516111111, longitude: 42.591666666 },
{code: "Kuartango", latitude: -2.927502214, longitude: 42.88623625 },
{code: "Labaien", latitude: -1.738888888, longitude: 43.087222222 },
{code: "Labetze-Bizkai", latitude: -1.0575, longitude: 43.384166666 },
{code: "Lagran", latitude: -2.584444444, longitude: 42.625555555 },
{code: "Lakarra", latitude: -1.164166666, longitude: 43.190277777 },
{code: "Lakarri", latitude: -0.92444444, longitude: 43.08527778 },
{code: "Lakarri-Arhane-Sarrikotagaine", latitude: -0.924444444, longitude: 43.085 },
{code: "Lakuntza", latitude: -2.021388888, longitude: 42.923055555 },
{code: "Lana", latitude: -2.246944444, longitude: 42.706111111 },
{code: "Landibarre", latitude: -1.124444444, longitude: 43.25 },
{code: "Lanestosa", latitude: -3.4372558, longitude: 43.215611 },
{code: "Lantaron", latitude: -2.994677543, longitude: 42.7468622 },
{code: "Lantz", latitude: -1.619444444, longitude: 42.998888888 },
{code: "Lantziego", latitude: -2.5126326, longitude: 42.5627681 },
{code: "Laphizketa", latitude: -1.0032954, longitude: 43.3223079 },
{code: "Lapoblación", latitude: -2.474166666, longitude: 42.604722222 },
{code: "Lapuebla Labarka", latitude: -2.571111111, longitude: 42.495833333 },
{code: "Larrabetzu", latitude: -2.7959846, longitude: 43.2609468 },
{code: "Larrabile", latitude: -0.86305556, longitude: 43.27583333 },
{code: "Larraga", latitude: -1.848611111, longitude: 42.563055555 },
{code: "Larragoa", latitude: -2.256111111, longitude: 42.780555555 },
{code: "Larraine", latitude: -0.955833333, longitude: 43.018611111 },
{code: "Larraul", latitude: -2.1023955, longitude: 43.1879341 },
{code: "Larraun", latitude: -1.896388888, longitude: 43.005555555 },
{code: "Larresoro", latitude: -1.439166666, longitude: 43.370277777 },
{code: "Larribarre", latitude: -1.01305556, longitude: 43.29333333 },
{code: "Larribarre-Sorhapürü", latitude: -1.014166666, longitude: 43.292777777 },
{code: "Larrori", latitude: -0.83722222, longitude: 43.27666667 },
{code: "Larzabale", latitude: -1.09472222, longitude: 43.23333333 },
{code: "Larzabale-Arroze-Zibitze", latitude: -1.095833333, longitude: 43.232777777 },
{code: "Lasa", latitude: -1.26, longitude: 43.157222222 },
{code: "Lasarte-Oria", latitude: -2.02, longitude: 43.267777777 },
{code: "Laudio", latitude: -2.956111111, longitude: 43.151111111 },
{code: "Laukiz", latitude: -2.914438189, longitude: 43.34971205 },
{code: "Lazkao", latitude: -2.1875, longitude: 43.034722222 },
{code: "Leaburu", latitude: -2.05, longitude: 43.116666666 },
{code: "Leatxe", latitude: -1.406944444, longitude: 42.607777777 },
{code: "Ledea", latitude: -1.26485964, longitude: 42.61316359 },
{code: "Legarda", latitude: -1.770277777, longitude: 42.712222222 },
{code: "Legaria", latitude: -2.173333333, longitude: 42.648611111 },
{code: "Legazpi", latitude: -2.335, longitude: 43.055 },
{code: "Legorreta", latitude: -2.1486222, longitude: 43.0848925 },
{code: "Legutio", latitude: -2.6467053, longitude: 42.9809869 },
{code: "Lehuntze", latitude: -1.391111111, longitude: 43.4825 },
{code: "Leintz Gatzaga", latitude: -2.5687408, longitude: 42.9868906 },
{code: "Leioa", latitude: -2.984722222, longitude: 43.328888888 },
{code: "Leitza", latitude: -1.914722222, longitude: 43.078888888 },
{code: "Lekeitio", latitude: -2.504883333, longitude: 43.363877777 },
{code: "Lekorne", latitude: -1.298333333, longitude: 43.340277777 },
{code: "Lekuine", latitude: -1.266666666, longitude: 43.368611111 },
{code: "Lekunberri", latitude: -1.143055555, longitude: 43.135 },
{code: "Lekunberri", latitude: -1.893888888, longitude: 43.003333333 },
{code: "Lemoa", latitude: -2.7788097, longitude: 43.2098775 },
{code: "Lemoiz", latitude: -2.9022672, longitude: 43.411411 },
{code: "Leotz", latitude: -1.519166666, longitude: 42.645 },
{code: "Lerga", latitude: -1.500833333, longitude: 42.566388888 },
{code: "Lerin", latitude: -1.9737376, longitude: 42.4814412 },
{code: "Lesaka", latitude: -1.703888888, longitude: 43.249166666 },
{code: "Lexantzü", latitude: -0.87388889, longitude: 43.09305556 },
{code: "Lexantzü-Zunharre", latitude: -0.873333333, longitude: 43.092777777 },
{code: "Lextarre", latitude: -0.8925, longitude: 43.22152778 },
{code: "Leza", latitude: -2.633611111, longitude: 42.566111111 },
{code: "Lezama", latitude: -2.833333333, longitude: 43.274722222 },
{code: "Lezaun", latitude: -1.994166666, longitude: 42.780277777 },
{code: "Lezo", latitude: -1.898888888, longitude: 43.321111111 },
{code: "Ligi", latitude: -0.87916667, longitude: 43.06666667 },
{code: "Ligi-Atherei", latitude: -0.876666666, longitude: 43.066944444 },
{code: "Liginaga", latitude: -0.865555555, longitude: 43.093333333 },
{code: "Liginaga-Astüe", latitude: -0.865555555, longitude: 43.093333333 },
{code: "Lizarra", latitude: -2.03064, longitude: 42.6705 },
{code: "Lizartza", latitude: -2.034166666, longitude: 43.103611111 },
{code: "Lizoainibar-Arriasgoiti", latitude: -1.469023688, longitude: 42.81979395 },
{code: "Lodosa", latitude: -2.078333333, longitude: 42.424166666 },
{code: "Lohitzüne", latitude: -0.97749, longitude: 43.2764 },
{code: "Lohitzüne-Oihergi", latitude: -0.977222222, longitude: 43.276388888 },
{code: "Loiu", latitude: -2.9388878, longitude: 43.3147645 },
{code: "Longida", latitude: -1.3623, longitude: 42.776 },
{code: "Los Arcos", latitude: -2.183055555, longitude: 42.566666666 },
{code: "Luhuso", latitude: -1.353611111, longitude: 43.316111111 },
{code: "Lukin", latitude: -2.099166666, longitude: 42.611666666 },
{code: "Lüküze", latitude: -1.0773555, longitude: 43.3458291 },
{code: "Lüküze-Altzümarta", latitude: -1.076388888, longitude: 43.345555555 },
{code: "Luzaide", latitude: -1.320767641, longitude: 43.068365313 },
{code: "Makea", latitude: -1.3275, longitude: 43.33 },
{code: "Mallabia", latitude: -2.528888888, longitude: 43.189722222 },
{code: "Mañaria", latitude: -2.659722222, longitude: 43.139166666 },
{code: "Mañeru", latitude: -1.8620743, longitude: 42.6695386 },
{code: "Mañueta", latitude: -2.679444444, longitude: 42.53 },
{code: "Marañón", latitude: -2.4415614, longitude: 42.6285133 },
{code: "Markina-Xemein", latitude: -2.496388888, longitude: 43.268888888 },
{code: "Martxueta", latitude: -1.093888888, longitude: 43.389722222 },
{code: "Martzilla", latitude: -1.7375, longitude: 42.327777777 },
{code: "Maruri-Jatabe", latitude: -2.86877087, longitude: 43.39639525 },
{code: "Maule", latitude: -0.88916667, longitude: 43.22388889 },
{code: "Maule-Lextarre", latitude: -0.886944444, longitude: 43.224166666 },
{code: "Mehaine", latitude: -1.145, longitude: 43.333055555 },
{code: "Mélida", latitude: -1.545277777, longitude: 42.360277777 },
{code: "Meñaka", latitude: -2.801666666, longitude: 43.364722222 },
{code: "Mendabia", latitude: -2.200421, longitude: 42.4443286 },
{code: "Mendaro", latitude: -2.383333333, longitude: 43.25 },
{code: "Mendata", latitude: -2.6425, longitude: 43.282222222 },
{code: "Mendaza", latitude: -2.234722222, longitude: 42.642777777 },
{code: "Mendexa", latitude: -2.4857921, longitude: 43.345833 },
{code: "Mendi", latitude: -0.915, longitude: 43.16861111 },
{code: "Mendibe", latitude: -1.134722222, longitude: 43.126111111 },
{code: "Mendibile", latitude: -0.86333333, longitude: 43.27583333 },
{code: "Mendigorria", latitude: -1.834166666, longitude: 42.629444444 },
{code: "Mendikota", latitude: -0.901666666, longitude: 43.161944444 },
{code: "Metauten", latitude: -2.125277777, longitude: 42.678611111 },
{code: "Milafranga", latitude: -1.452777777, longitude: 43.437222222 },
{code: "Milagro", latitude: -1.7627813, longitude: 42.2417429 },
{code: "Mirafuentes", latitude: -2.276666666, longitude: 42.623055555 },
{code: "Miranda Arga", latitude: -1.8266758, longitude: 42.4829883 },
{code: "Mitikile", latitude: -0.84833333, longitude: 43.26583333 },
{code: "Mitikile-Larrori-Mendibile", latitude: -0.848055555, longitude: 43.265833333 },
{code: "Monteagudo", latitude: -1.690277777, longitude: 41.963888888 },
{code: "Montori", latitude: -0.817777777, longitude: 43.096944444 },
{code: "Moreda Araba", latitude: -2.408055555, longitude: 42.525 },
{code: "Morentin", latitude: -2.0125, longitude: 42.614166666 },
{code: "Morga", latitude: -2.75, longitude: 43.283333 },
{code: "Mues", latitude: -2.226388888, longitude: 42.606111111 },
{code: "Mugerre", latitude: -1.416111111, longitude: 43.468333333 },
{code: "Mundaka", latitude: -2.698333333, longitude: 43.407222222 },
{code: "Mungia", latitude: -2.847222222, longitude: 43.354722222 },
{code: "Munitibar-Arbatzegi Gerrikaitz", latitude: -2.594750803, longitude: 43.2564101 },
{code: "Murchante", latitude: -1.655833333, longitude: 42.03 },
{code: "Murieta", latitude: -2.156388888, longitude: 42.659444444 },
{code: "Murillo el Cuende", latitude: -1.629722222, longitude: 42.397777777 },
{code: "Murillo el Fruto", latitude: -1.460833333, longitude: 42.392777777 },
{code: "Murueta", latitude: -2.680555555, longitude: 43.352777777 },
{code: "Muruzabal", latitude: -1.780555555, longitude: 42.689444444 },
{code: "Muskildi", latitude: -0.966111111, longitude: 43.196666666 },
{code: "Muskiz", latitude: -3.121666666, longitude: 43.323333333 },
{code: "Mutiloa", latitude: -2.2727507, longitude: 43.0220391 },
{code: "Mutriku", latitude: -2.385, longitude: 43.307222 },
{code: "Muxika", latitude: -2.67836, longitude: 43.24872 },
{code: "Muxika", latitude: -2.691416666, longitude: 43.288833333 },
{code: "Nabarniz", latitude: -2.583611111, longitude: 43.320833333 },
{code: "Nabaskoze", latitude: -1.116388888, longitude: 42.718333333 },
{code: "Navaridas", latitude: -2.623333333, longitude: 42.546111111 },
{code: "Nazar", latitude: -2.278888888, longitude: 42.6375 },
{code: "Noain Elortzibar", latitude: -1.633333333, longitude: 42.754722222 },
{code: "Obanos", latitude: -1.785555555, longitude: 42.679444444 },
{code: "Odieta", latitude: -1.638055555, longitude: 42.939722222 },
{code: "Oiartzun", latitude: -1.857777777, longitude: 43.299166666 },
{code: "Oibar", latitude: -1.359444444, longitude: 42.589444444 },
{code: "Oihergi", latitude: -0.95305556, longitude: 43.27777778 },
{code: "Oion", latitude: -2.4364407, longitude: 42.5059034 },
{code: "Oiz", latitude: -1.685555555, longitude: 43.110555555 },
{code: "Oko", latitude: -2.163611111, longitude: 42.639722222 },
{code: "Okondo", latitude: -3.018888888, longitude: 43.162222222 },
{code: "Olaberria", latitude: -2.2036619, longitude: 43.0269276 },
{code: "Olaibar", latitude: -1.602777777, longitude: 42.885833333 },
{code: "Olatzagutia", latitude: -2.194444444, longitude: 42.877777777 },
{code: "Olexoa", latitude: -2.140277777, longitude: 42.624166666 },
{code: "Olhaibi", latitude: -0.94472222, longitude: 43.31388889 },
{code: "Ollaran", latitude: -1.85, longitude: 42.866666666 },
{code: "Oloritz", latitude: -1.613055555, longitude: 42.635277777 },
{code: "Oltza", latitude: -1.753888888, longitude: 42.8225 },
{code: "Oñati", latitude: -2.411667, longitude: 43.032778 },
{code: "Ondarroa", latitude: -2.419444444, longitude: 43.321944444 },
{code: "Onizegaine", latitude: -0.86446111, longitude: 43.11098611 },
{code: "Onizepea", latitude: -0.880624, longitude: 43.25841667 },
{code: "Oragarre", latitude: -1.135, longitude: 43.394166666 },
{code: "Orbaizeta", latitude: -1.221779655, longitude: 43.00289434 },
{code: "Orbara", latitude: -1.24965336, longitude: 42.97517613 },
{code: "Ordizia", latitude: -2.178333333, longitude: 43.054722222 },
{code: "Orendain", latitude: -2.1141376, longitude: 43.0794987 },
{code: "Orexa", latitude: -2.0113193, longitude: 43.0942358 },
{code: "Orio", latitude: -2.127262, longitude: 43.2760488 },
{code: "Orisoain", latitude: -1.603888888, longitude: 42.601111111 },
{code: "Orkoien", latitude: -1.699166666, longitude: 42.823888888 },
{code: "Ormaiztegi", latitude: -2.254814, longitude: 43.0431256 },
{code: "Orontze", latitude: -1.067706525, longitude: 42.87560461 },
{code: "Orotz-Betelu", latitude: -1.301694856, longitude: 42.906390516 },
{code: "Orozko", latitude: -2.911111, longitude: 43.108611 },
{code: "Orreaga", latitude: -1.30468681, longitude: 43.01376679 },
{code: "Ortuella", latitude: -3.056944444, longitude: 43.310277777 },
{code: "Ortzaize", latitude: -1.284722222, longitude: 43.241666666 },
{code: "Ospitalepea", latitude: -0.768611111, longitude: 43.251388888 },
{code: "Ostankoa", latitude: -1.065277777, longitude: 43.293055555 },
{code: "Oteitza", latitude: -1.953333333, longitude: 42.618611111 },
{code: "Otsagabia", latitude: -1.070496434, longitude: 42.960092 },
{code: "Otxandio", latitude: -2.653333333, longitude: 43.041111111 },
{code: "Ozaraine", latitude: -0.95277778, longitude: 43.37777778 },
{code: "Ozaraine-Erribareita", latitude: -0.951388888, longitude: 43.377222222 },
{code: "Ozaze", latitude: -0.89083333, longitude: 43.14 },
{code: "Ozaze-Zühara", latitude: -0.890833333, longitude: 43.140277777 },
{code: "Pagola", latitude: -0.990277777, longitude: 43.224166666 },
{code: "Pagola", latitude: -0.990277777, longitude: 43.224166666 },
{code: "Pasaia", latitude: -1.919166666, longitude: 43.326388888 },
{code: "Petilla Aragoi", latitude: -1.092777777, longitude: 42.461388888 },
{code: "Piedramillera", latitude: -2.202777777, longitude: 42.632777777 },
{code: "Pitillas", latitude: -1.622222222, longitude: 42.421944444 },
{code: "Plentzia", latitude: -2.946388888, longitude: 43.405833333 },
{code: "Portugalete", latitude: -3.019583, longitude: 43.319444 },
{code: "Puiu", latitude: -1.648055555, longitude: 42.566111111 },
{code: "Ribaforada", latitude: -1.510833333, longitude: 41.997222222 },
{code: "Saldias", latitude: -1.780833333, longitude: 43.088333333 },
{code: "Samaniego", latitude: -2.6790583, longitude: 42.5682299 },
{code: "Samatze", latitude: -1.156388888, longitude: 43.524166666 },
{code: "San Adrián", latitude: -1.933333333, longitude: 42.3325 },
{code: "Santakara", latitude: -1.5477761, longitude: 42.3754863 },
{code: "Santizpirita", latitude: -1.46722222, longitude: 43.49555556 },
{code: "Santsol", latitude: -2.264166666, longitude: 42.554722222 },
{code: "Santurtzi", latitude: -3.031388888, longitude: 43.330277777 },
{code: "Sara", latitude: -1.580277777, longitude: 43.312777777 },
{code: "Sarrikota", latitude: -1.09527778, longitude: 43.41333333 },
{code: "Sarrikotagaine", latitude: -0.91611111, longitude: 43.09027778 },
{code: "Sarrikotapea", latitude: -0.881944444, longitude: 43.293888888 },
{code: "Sartaguda", latitude: -2.058611111, longitude: 42.381388888 },
{code: "Sartze", latitude: -1.097120163, longitude: 42.84546298 },
{code: "Segura", latitude: -2.2527923, longitude: 43.009086 },
{code: "Senpere", latitude: -1.550555555, longitude: 43.356666666 },
{code: "Serres", latitude: -1.63944444, longitude: 43.36527778 },
{code: "Sesma", latitude: -2.083333333, longitude: 42.477777777 },
{code: "Sestao", latitude: -3.005555555, longitude: 43.310833333 },
{code: "Sohüta", latitude: -0.868333333, longitude: 43.231388888 },
{code: "Sondika", latitude: -2.9260509, longitude: 43.2990664 },
{code: "Sopela", latitude: -2.982222222, longitude: 43.381388888 },
{code: "Sopuerta", latitude: -3.1525, longitude: 43.262777777 },
{code: "Soraluze", latitude: -2.411722, longitude: 43.174778 },
{code: "Sorhapürü", latitude: -0.9956477, longitude: 43.28322 },
{code: "Sorholüze", latitude: -0.86666667, longitude: 43.12055556 },
{code: "Sorlada", latitude: -2.215277777, longitude: 42.615 },
{code: "Suhuskune", latitude: -1.198055555, longitude: 43.234722222 },
{code: "Sukarrieta", latitude: -2.695, longitude: 43.396111111 },
{code: "Sunbilla", latitude: -1.668333333, longitude: 43.164444444 },
{code: "Tafalla", latitude: -1.673611111, longitude: 42.528888888 },
{code: "Tebas-Muru Artederreta", latitude: -1.640277777, longitude: 42.693055555 },
{code: "Tirapu", latitude: -1.701388888, longitude: 42.658611111 },
{code: "Tolosa", latitude: -2.0723558, longitude: 43.1386097 },
{code: "Torralba del Río", latitude: -2.329722222, longitude: 42.608611111 },
{code: "Torres del Río", latitude: -2.269444444, longitude: 42.552777777 },
{code: "Trapagaran", latitude: -3.035555555, longitude: 43.306111111 },
{code: "Trebiñu", latitude: -2.747222222, longitude: 42.734722222 },
{code: "Tulebras", latitude: -1.676388888, longitude: 41.976666666 },
{code: "Turtzioz", latitude: -3.280335785, longitude: 43.2838127 },
{code: "Tutera", latitude: -1.606666666, longitude: 42.065277777 },
{code: "Txulapain", latitude: -1.683333333, longitude: 42.883333333 },
{code: "Ubide", latitude: -2.6888828, longitude: 43.0241516 },
{code: "Ugao", latitude: -2.900277777, longitude: 43.181388888 },
{code: "Uharte", latitude: -1.590555555, longitude: 42.831666666 },
{code: "Uharte", latitude: -1.590833333, longitude: 42.831388888 },
{code: "Uharte Arakil", latitude: -1.96906303, longitude: 42.92093712 },
{code: "Uharte Garazi", latitude: -1.244444444, longitude: 43.164722222 },
{code: "Uhartehiri", latitude: -1.021944444, longitude: 43.279166666 },
{code: "Ukar", latitude: -1.705277777, longitude: 42.676666666 },
{code: "Ultzama", latitude: -1.678055555, longitude: 43.0 },
{code: "Unaso", latitude: -1.04666667, longitude: 43.34222222 },
{code: "Ündüreine", latitude: -0.87722222, longitude: 43.28222222 },
{code: "Untzitibar", latitude: -1.466986268, longitude: 42.72447304 },
{code: "Untzue", latitude: -1.626111111, longitude: 42.651944444 },
{code: "Urdatx / Santa Grazi", latitude: -0.854166666, longitude: 43.014166666 },
{code: "Urdazubi", latitude: -1.503888888, longitude: 43.266388888 },
{code: "Urdiain", latitude: -2.133055555, longitude: 42.883055555 },
{code: "Urdiñarbe", latitude: -0.943888888, longitude: 43.185833333 },
{code: "Urduliz", latitude: -2.9492348, longitude: 43.372649 },
{code: "Urduña", latitude: -3.008333333, longitude: 42.995833333 },
{code: "Urepele", latitude: -1.416388888, longitude: 43.069722222 },
{code: "Urizaharra", latitude: -2.7135349, longitude: 42.6442584 },
{code: "Urkabustaiz", latitude: -2.903333333, longitude: 42.954722222 },
{code: "Urketa", latitude: -1.336666666, longitude: 43.485555555 },
{code: "Urnieta", latitude: -1.9917045, longitude: 43.24687 },
{code: "Urraul", latitude: -1.261356433, longitude: 42.73429701 },
{code: "Urraulbeiti", latitude: -1.320394088, longitude: 42.68630388 },
{code: "Urraulgoiti", latitude: -1.220763763, longitude: 42.78315812 },
{code: "Urretxu", latitude: -2.313888888, longitude: 43.091666666 },
{code: "Urrotz", latitude: -1.45268646, longitude: 42.77618492 },
{code: "Urroz", latitude: -1.706111111, longitude: 43.101388888 },
{code: "Urruña", latitude: -1.7, longitude: 43.362222222 },
{code: "Ürrüstoi", latitude: -0.84972222, longitude: 43.29305556 },
{code: "Ürrüstoi-Larrabile", latitude: -0.85, longitude: 43.293333333 },
{code: "Urzainki", latitude: -0.944444444, longitude: 42.832777777 },
{code: "Usurbil", latitude: -2.05, longitude: 43.266666666 },
{code: "Uterga", latitude: -1.759444444, longitude: 42.71 },
{code: "Utziate", latitude: -1.1214371, longitude: 43.2190687 },
{code: "Uxue", latitude: -1.499722222, longitude: 42.506666666 },
{code: "Uztaritze", latitude: -1.456388888, longitude: 43.399444444 },
{code: "Uztarroze", latitude: -0.939166666, longitude: 42.892777777 },
{code: "Valtierra", latitude: -1.634166666, longitude: 42.195277777 },
{code: "Viana", latitude: -2.3717803, longitude: 42.5151135 },
{code: "Villabona-Amasa", latitude: -2.0525, longitude: 43.188055555 },
{code: "Villabuena", latitude: -2.665437, longitude: 42.5470187 },
{code: "Villamayor de Monjardín", latitude: -2.1, longitude: 42.633055555 },
{code: "Villatuerta", latitude: -1.9934011, longitude: 42.6595159 },
{code: "Xabier", latitude: -1.2086914, longitude: 42.5911918 },
{code: "Zabaltza", latitude: -1.8063225, longitude: 42.7676314 },
{code: "Zaldibar", latitude: -2.545277777, longitude: 43.1725 },
{code: "Zaldibia", latitude: -2.149722, longitude: 43.036389 },
{code: "Zalduondo", latitude: -2.3470952, longitude: 42.8858496 },
{code: "Zalgize", latitude: -0.88888889, longitude: 43.15277778 },
{code: "Zalgize-Doneztebe", latitude: -0.888055555, longitude: 43.151944444 },
{code: "Zalla", latitude: -3.1310266, longitude: 43.2140298 },
{code: "Zamudio", latitude: -2.8623645, longitude: 43.2827605 },
{code: "Zanbrana", latitude: -2.8789365, longitude: 42.6616842 },
{code: "Zangoza", latitude: -1.2825, longitude: 42.577777777 },
{code: "Zaratamo", latitude: -2.872222222, longitude: 43.212777777 },
{code: "Zarautz", latitude: -2.1748013, longitude: 43.2863159 },
{code: "Zare", latitude: -1.4, longitude: 42.583055555 },
{code: "Zaro", latitude: -1.2175, longitude: 43.1475 },
{code: "Zarrakaztelu", latitude: -1.444444444, longitude: 42.38 },
{code: "Zeanuri", latitude: -2.7494389, longitude: 43.0988891 },
{code: "Zeberio", latitude: -2.8524223, longitude: 43.1468424 },
{code: "Zegama", latitude: -2.29036, longitude: 42.9758091 },
{code: "Zerain", latitude: -2.2733725, longitude: 43.0125385 },
{code: "Zestoa", latitude: -2.2585525, longitude: 43.2401063 },
{code: "Zibitze", latitude: -1.08888889, longitude: 43.22555556 },
{code: "Ziboze", latitude: -0.875, longitude: 43.10833333 },
{code: "Ziburu", latitude: -1.667777777, longitude: 43.385277777 },
{code: "Zierbena", latitude: -3.082039, longitude: 43.3518319 },
{code: "Zigoitia", latitude: -2.728151159, longitude: 42.9683205 },
{code: "Zihiga", latitude: -0.90722222, longitude: 43.12166667 },
{code: "Zilhekoa", latitude: -0.98694444, longitude: 43.33972222 },
{code: "Ziordia", latitude: -2.2269974, longitude: 42.8706248 },
{code: "Ziortza-Bolibar", latitude: -2.555833333, longitude: 43.245 },
{code: "Zirauki", latitude: -1.888611111, longitude: 42.675833333 },
{code: "Ziritza", latitude: -1.826666666, longitude: 42.790555555 },
{code: "Zizur Nagusia", latitude: -1.690833333, longitude: 42.786666666 },
{code: "Zizur zendea", latitude: -1.717783333, longitude: 42.791858333 },
{code: "Zizurkil", latitude: -2.077222, longitude: 43.2 },
{code: "Zohazti", latitude: -1.01277778, longitude: 43.35416667 },
{code: "Zohota", latitude: -0.98638889, longitude: 43.35861111 },
{code: "Zokotze", latitude: -1.1072, longitude: 43.3773 },
{code: "Zornotza", latitude: -2.734166666, longitude: 43.219166666 },
{code: "Zubieta", latitude: -1.742361111, longitude: 43.124888888 },
{code: "Zugarramurdi", latitude: -1.5416354, longitude: 43.2693436 },
{code: "Zühara", latitude: -0.91777778, longitude: 43.14194444 },
{code: "Zuia", latitude: -2.832541281, longitude: 42.98189485 },
{code: "Zumaia", latitude: -2.25, longitude: 43.283333 },
{code: "Zumarraga", latitude: -2.316666666, longitude: 43.083055555 },
{code: "Zunharre", latitude: -0.87388889, longitude: 43.09305556 },
{code: "Zunharreta", latitude: -0.89305556, longitude: 43.10361111 },
{code: "Zuñiga", latitude: -2.3004117, longitude: 42.6930374 },
{code: "Zuraide", latitude: -1.474722222, longitude: 43.341944444 },